,Mouse 1,Mouse 2,Mouse 3,Mouse 4,Mouse 5,Mouse 6,Mouse 7,Mouse 8
'Candidatus Bacilloplasma' mollicute,13.879928714635806,11.2345251826221,8.816333089846571,10.847171639546984,9.869110234494837,6.996951684194482,9.487063449954773,5.25404844290658
Abiotrophia defectiva,,,,,,,,
Abiotrophia para-adiacens,,,,,,,,
Acetanaerobacterium elongatum,,,,,,,,
Acetivibrio cellulolyticus,4.74965966188957,,,,,,,
Acetivibrio ethanolgignens,,,,,,,,
Achromobacter xylosoxidans,,,,,,,,
Acidaminococcus intestini,,,,,,,,
Aciditerrimonas ferrireducens,,,,,,,,
Aciditerrimonas sp. CH22-21,,,,,,,,
Acidovorax avenae,,,,,,,,
Acidovorax caeni,,,,,,,,
Acidovorax ebreus,,,,,,,,
Acidovorax temperans,,,,,,,,
Acinetobacter baumannii,,,,,,,,
Acinetobacter junii,,,,,,,,
Acinetobacter sp.,,,,,,,,
Acinetobacter sp. 4076,,,,,,,,
Acinetobacter sp. B43(2011),,,,,,,,
Acinetobacter sp. WC-743,,,,,,,,
Actinobacillus minor,,,,,,,,
Actinobacillus rossii,,,,,,,,
Actinomyces odontolyticus,,,,,,,,
Actinomyces oris,,,,,,,,
Actinomycetospora sp. NEAU-st4,,,,,,,,
Adlercreutzia equolifaciens,10.77193633820945,9.74485659349463,11.019725701008191,10.270693935950845,7.730373056595037,9.60346875,10.697487690948115,10.088127591490895
Aegilops tauschii,,,,,,,,
Aeribacillus pallidus,,,,,,,,
Aeromicrobium ginsengisoli,,,,,,,,
Aeromicrobium sp. 1_C7_65,,,,,,,,
Aeromonas hydrophila,,,,,,,,
Agrococcus jejuensis,,,,,,,,
Agrococcus versicolor,,,,,,,,
Akkermansia muciniphila,22.851493525237164,,9.911735537190077,9.436049970255787,19.376424275025666,148.4587761932738,9.262728711103895,13.110866666666631
Alfalfa witches'-broom phytoplasma,,,,,,,,
Algoriphagus antarcticus,,,,,,,,
Algoriphagus aquimarinus,,,,,,,,
Algoriphagus mannitolivorans,,,,,,,,
Algoriphagus ornithinivorans,,,,,,,,
Algoriphagus sp. PR1,,,,,,,,
Algoriphagus sp. ZS2-8,,,,,,,,
Algoriphagus sp. ZS3-3,,,,,,,,
Algoriphagus winogradskyi,,,,,,,,
Alicyclobacillus pohliae,,,,,,,,
Alistipes finegoldii,14.320814135869039,5.4087886556641545,,4.538906231934316,5.63526838538492,9.887197231833923,5.421234567901238,6.745152354570645
Alistipes indistinctus,,,,,,,,
Alistipes massiliensis,,,,,,,,
Alistipes onderdonkii,,,,,,,,
Alistipes putredinis,8.13877551020408,8.415310350719809,8.470765604013048,9.599149338374291,9.318000000000007,7.813444822373395,7.548790123456791,9.316602076124568
Alistipes senegalensis,82.70370831259338,52.13425016233904,52.97320612738511,53.82225897920603,75.58039170299502,61.699624881291555,33.15789300411519,42.27443657877638
Alistipes shahii,,,,,,,,
Alistipes sp. AP11,,,,,,,,
Alistipes sp. JC136,,,,,,,,
Alistipes sp. RMA 9912,,,,,,,,
Alkaliphilus oremlandii,,,,,,,,
Alkaliphilus transvaalensis,,,,,,,,
Alkalitalea saponilacus,,,,,,,,
Allisonella histaminiformans,,,,,,,,
Allobaculum sp. GK12,369.26536796932345,219.58898570385017,303.5304925483097,119.6608741211465,305.9797584045584,118.94698506133754,219.86270681111984,116.7404094613396
Allobaculum stercoricanis,,,,,,,,
Alloscardovia sp. M8,,,,,,,,
Amphibacillus indicireducens,,,,,,,,
Amphibacillus sp. J1,,,,,,,,
Amphibacillus sp. YIM-kkny6,,,,,,,,
Amycolatopsis sp. HBUM 171278,,,,,,,,
Anabaena oscillarioides,,,,,,,,
Anaerococcus prevotii,,,,,,,,
Anaerofilum pentosovorans,,,,,,,,
Anaerofustis stercorihominis,,,,,,3.3950173010380613,,
Anaerosphaera aminiphila,,,,,,,,
Anaerosporobacter mobilis,,,,,,,,
Anaerostipes butyraticus,,,,,,,,
Anaerostipes caccae,23.59166748358004,23.967167968750058,21.71269799976886,17.564154064272216,16.500482650002574,75.97280844155848,16.542710901657305,28.455711851381636
Anaerostipes hadrus,112.96773905635177,,,87.70791111111116,38.90751997814338,17.73329367440016,54.124185493460324,104.29444444444472
Anaerostipes sp. 3_2_56FAA,,,,,8.229998251850136,5.214285714285714,,4.414015999999993
Anaerostipes sp. 5_1_63FAA,,,,,,,,
Anaerostipes sp. 992a,,,,,,,,
Anaerotruncus colihominis,10.017912097885352,10.650134563629369,4.436844411979552,9.182702702702699,3.6903213957759466,7.669864916045945,4.08023530114366,8.337164622940968
Anaerovorax odorimutans,,,,,3.2126200274348444,,,
Anoxybacillus flavithermus,,,,,,,,
Aquabacterium parvum,,,,,,,,
Aquiflexum balticum,,,,,,,,
Arcanobacterium haemolyticum,,,,,,,,
Arenibacter troitsensis,,,,,,,,
Arthrobacter sp. CCBAU 10838,,,,,,,,
Arthrobacter sp. R-36550,,,,,,,,
Arthrobacter sp. R-II-1,,,,,,,,
Asaccharobacter celatus,,,,,,,,
Asticcacaulis biprosthecium,,,,,,,,
Atopobium parvulum,6.77451276006689,,18.791855955678663,2.7371428571428575,21.55621301775148,66.46040532933024,6.09333720423866,4.824580525829041
Atopobium sp. ICM58,,,,,,,,
Atopobium vaginae,,,,,,,,
Atopostipes suicloacalis,,,,,,,,
Auraticoccus monumenti,,,,,,,,
Aureibacter tunicatorum,51.91668906208021,16.478794642857142,52.342246988399765,31.922294284472642,48.72288888888889,40.212848651120254,29.541242681361354,32.17764615197371
Azospirillum sp. CC-LY736,,,,,,,,
Bacillus acidiceler,,,,,,,,
Bacillus coagulans,,,,,,,,
Bacillus halodurans,,,,,,,,
Bacillus mannanilyticus,,,,,,,,
Bacillus shackletonii,,,,,,,,
Bacillus sp. BGSC W9A7,,,,,,,,
Bacillus sp. BT1B_CT2,,,,,,,,
Bacillus sp. HYC-10,,,,,,,,
Bacillus sp. Na101-4,,,,,,,,
Bacillus sp. PL-26,,,,,,,,
Bacillus sp. TAT105,,,,,,,,
Bacillus subtilis,,,,,,,,
Bacillus thuringiensis,,,,,,,,
Bacteroidales DA064,,,,,,,,
Bacteroidales MCE3 262,,,,,,,,
Bacteroidales nbw731d05c1,,,,,,,,
Bacteroides acidifaciens,102.06713102356912,147.42753178048886,35.916303574927916,103.83452131668349,44.75037976589258,110.8252688172043,76.41426026815913,49.9104742541458
Bacteroides caccae,,,,,,,,
Bacteroides chinchillae,,,,,,,,
Bacteroides clarus,,,,,,,,
Bacteroides coprocola,,,,,,,,
Bacteroides coprophilus,,,,,,,,
Bacteroides dorei,,,,,,,,
Bacteroides eggerthii,,,,,,,,
Bacteroides faecis,,,,,,,,
Bacteroides finegoldii,,,,,,,,
Bacteroides fragilis,,,,,,,,
Bacteroides gallinarum,,,,,,,,
Bacteroides graminisolvens,,,,,,,,
Bacteroides massiliensis,,,,,,,,
Bacteroides nordii,,,,,,,,
Bacteroides ovatus,,,,,,,,
Bacteroides plebeius,,,,,,,,
Bacteroides salanitronis,,,,,,,,
Bacteroides sartorii,,,,,,,,
Bacteroides sp. 3_1_19,,,,,,,,
Bacteroides sp. 4_1_36,,,,,,,,
Bacteroides sp. 4_3_47FAA,,,,,,,,
Bacteroides sp. AR29,,,,,,,,
Bacteroides sp. D20,,,,,,,,
Bacteroides sp. D8,,,,,,,,
Bacteroides sp. SLC1-38,,,,,,,,
Bacteroides sp. Smarlab 3302398,,,,,,,,
Bacteroides sp. Tilapia9,,,,,,,,
Bacteroides stercorirosoris,,,,,,,,
Bacteroides stercoris,,,,,,,,
Bacteroides thetaiotaomicron,,,,,,,,
Bacteroides uniformis,117.07902499999967,107.81690195654524,73.67300127121558,106.40806352292992,89.95969848053186,92.64085455987598,98.79247351114358,110.85881356820798
Bacteroides vulgatus,36.779908919572584,51.94276334005774,16.398589065255734,51.572947610045915,23.053677076983753,24.828545953360788,25.92042735042735,18.013860603064757
Bacteroides xylanisolvens,,,,,,,,
Bacteroides xylanolyticus,18.285371949805423,4.265822784810129,,,,25.603569497025386,,
Barnesiella intestinihominis,174.37294195065962,162.0433513610884,139.1801759637188,131.00939048635107,109.82425727973995,125.57984251627525,130.25984467167825,110.74023106335859
Barnesiella viscericola,173.4573396405453,137.0442973884469,123.23406081750332,122.99531347271304,138.4995525900114,99.09020282102716,121.8309298187076,113.43298476454292
Bauldia litoralis,,,,,,,,
Bifidobacterium adolescentis,,,,,,,,
Bifidobacterium angulatum,,,,,,,,
Bifidobacterium animalis,,,,,,,,
Bifidobacterium bifidum,,,,,,,,
Bifidobacterium breve,,,,,,,,
Bifidobacterium callitrichos,,,,,,,,
Bifidobacterium catenulatum,,,,,,,,
Bifidobacterium coryneforme,,,,,,,,
Bifidobacterium kashiwanohense,,,,,,,,
Bifidobacterium longum,,,,,,,,
Bifidobacterium merycicum,,,,,,,,
Bifidobacterium pseudocatenulatum,,,,,4.809637120761454,,,
Bifidobacterium pseudolongum,131.84434081632656,41.19003815469986,125.63387295727325,84.82794632824373,127.46582766439897,96.1164729780801,119.9825484764543,51.41210284664833
Bifidobacterium reuteri,,,,,,,,
Bifidobacterium sp. S-10,,,,,,,,
Bifidobacterium sp. h12,,,,,,,,
Bilophila sp. 4_1_30,20.423978231292526,,,,,,,
Bilophila wadsworthia,,,,,,,,
Blastocatella fastidiosa,,,,,,,,
Blautia coccoides,,,,,,,,
Blautia glucerasea,,,,,,,,
Blautia hansenii,,,,,,,,
Blautia hydrogenotrophica,,,,,,,,
Blautia luti,,,,,,,,
Blautia producta,21.333457092646217,4.781124819740422,7.842951059167298,5.67032541322315,7.343144265873761,7.383579738860945,5.18669242845066,15.436695501730098
Blautia sp. Ser8,,,,,,,,
Blautia sp. canine oral taxon 143,83.38755228830975,15.355898437499878,6.86512783053325,,7.476988062442605,9.22497159449564,,9.647298320919052
Blautia sp. canine oral taxon 337,,,,,,,,
Bosea sp. CRIB-12,,,,,,,,
Brachybacterium paraconglomeratum,,,,,,,,
Brachybacterium sacelli,,,,,,,,
Brachybacterium sp. DS-11,,,,,,,,
Brachyspira aalborgi,,,,,,,,
Bradyrhizobium sp. BTAi1,,,,,,,,
Bradyrhizobium sp. CCBAU 7128301,,,,,,,,
Bradyrhizobium sp. MAFF 211645,,,,,,,,
Brevibacillus choshinensis,,,,,,,,
Brevibacillus formosus,,,,,,,,
Brevibacterium sp. L8,,,,,,,,
Brevibacterium sp. p19(2011),,,,,,,,
Brevundimonas sp. BAL3,,,,,,,,
Bulleidia extructa,,,,,,,,
Burkholderia multivorans,,,,,,,,
Burkholderia sp. IMER-A1-18,,,,,,,,
Burkholderia sp. MG-2011-32-AB,,,,,,,,
Burkholderia sp. YI019A,,,,,,,,
Butyricicoccus pullicaecorum,7.404737254109748,14.519858817801966,9.434886778670561,8.210343316289272,4.785585937500002,12.56368147448015,3.141166525781911,3.837923875432532
Butyricimonas sp. 180-3,,,,,,,,
Butyricimonas sp. 214-4,,,,,,,,
Butyricimonas sp. GD2,,,,,,,,
Butyricimonas synergistica,,,,,,,,
Butyricimonas virosa,,,,,,,,
Butyrivibrio crossotus,,,,,,,,
Butyrivibrio fibrisolvens,54.07979166666666,,9.744022461055406,49.147687477357934,24.324375000000007,9.343428880475923,,
Butyrivibrio hungatei,13.534178361249458,,14.463666910153421,11.789028571428618,9.491339068708786,7.756151974040017,13.562586794596662,5.708525380788124
Butyrivibrio proteoclasticus,4.553609404536867,,,,,,,
Butyrivibrio sp. 3,,,,,,,,
Butyrivibrio sp. G52,,,,,,,,
Butyrivibrio sp. INlla4,,,,,,,,
Butyrivibrio sp. K3,,,,,,,,
Caldanaerobacter sp. TC18,,,,,,,,
Caldicellulosiruptor lactoaceticus,,,,,,,,
Caldicellulosiruptor saccharolyticus,,,,,,,,
Caldicellulosiruptor sp. DIB107C,,,,,,,,
Caldicellulosiruptor sp. Rt8B.4,,,,,,,,
Caldimonas hydrothermale,,,,,,,,
Calidifontibacter indicus,,,,,,,,
Caloramator mitchellensis,,,,,,,,
Calothrix sp. PCC 7507,,,,,,,,
Caminicella sporogenes,,,,,,,,
Campylobacter avium,,,,,,,,
Campylobacter showae,,,,,,,,
Candidatus Aquiluna sp. IMCC13023,,,,,,,,
Candidatus Arthromitus sp. SFB-2,,,,,,,,
Candidatus Arthromitus sp. SFB-mouse,52.52376527777775,183.296481192433,38.729408278722985,102.72438168299492,32.441384505807584,43.9274213494262,39.23422489934772,67.65863225557008
Candidatus Lumbricincola sp. Lr-C2,,,,,,,,
Candidatus Lumbricincola sp. Lr-G2,,,,,,,,
Candidatus Prevotella conceptionensis,32.75265954318205,18.138974282741195,18.44624234015493,24.90120386031241,18.548501162229726,18.91275720164609,22.722967836257308,19.77339100346021
Candidatus Puniceispirillum marinum,,,,,,,,
Candidatus Rhodoluna lacicola,,,,,,,,
Candidatus Thiobios zoothamnicoli,,,,,,,,
Capnocytophaga granulosa,,,,,,,,
Cardiobacterium hominis,,,,,,,,
Cardiobacterium sp. canine oral taxon 238,,,,,,,,
Carnobacterium sp. LMG 26642,,,,,,,,
Catabacter hongkongensis,,,,,,,,
Catenibacterium mitsuokai,,,,,,,,
Catonella FL037,,,,,,,,
Catonella GI038,,,,,,,,
Catonella GQ106843,,,,,,,,
Cellulosilyticum lentocellum,,,,,,,,
Chelatococcus sp. P-117,,,,,,,,
Chitinophaga sp. WW1(2011),,,,,,,,
Chondromyces pediculatus,,,,,,,,
Christensenella minuta,,,,,,,,
Chryseobacterium sp. S5,,,,,,,,
Chryseobacterium ureilyticum,,,,,,,,
Citrobacter amalonaticus,,,,,,,,
Citrobacter freundii,,,,,,,,
Citromicrobium bathyomarinum,,,,,,,,
Clavibacter michiganensis,,,,,,,,
Clavibacter sp. J07,,,,,,,,
Cloacibacterium rupense,,,,,,,,
Clostridiales 303A04,2.586789293600915,2.5627703893606775,2.3852142211013962,2.729097094347867,3.287799115988414,3.1754907024793386,,2.8841352894907852
Clostridiales CK047,4.4426612817515165,3.055742626475722,3.5066773427893336,3.093708489312888,4.267196708990942,3.7341176470588247,2.9522787526827416,3.295316804407715
Clostridiales FX033,,,,,,,,
Clostridiales JH012,,,,,,,,
Clostridiales MCE7 107,,,,,,,,
Clostridium aff. innocuum CM970,,,,,,,,
Clostridium algidixylanolyticum,,,,,,,,
Clostridium aminophilum,47.69886544797537,39.874378800176544,27.11236366439279,19.459409491351757,22.356901544401545,27.38755555555556,24.881485180445928,35.94254078101828
Clostridium amygdalinum,5.319208901088146,,8.296436269981255,,10.629335937500016,7.574432125473234,5.440645889930108,7.058605366032946
Clostridium asparagiforme,,13.696174993077804,,,,,,
Clostridium beijerinckii,,,,,,,,
Clostridium bolteae,13.38695701907405,6.912187499999998,6.772146814404435,11.420662233953715,8.504650839927809,5.621181016785415,9.040121965946147,8.139930795847762
Clostridium botulinum,,,,,,,,
Clostridium butyricum,,,,,,,,
Clostridium cellulolyticum,,,,,,,,
Clostridium chauvoei,,,,,,,,
Clostridium citroniae,,,,,,,,
Clostridium clostridioforme,31.62137507047166,16.96800726379315,8.126141750491378,7.837259995819519,7.811995122694711,6.602222222222227,8.704866562009409,8.806795227875257
Clostridium colinum,,,,,,5.249277373106716,,
Clostridium cylindrosporum,,,,,,,,
Clostridium disporicum,49.56319233408454,57.04610639320606,59.52068672839497,23.259302219101986,39.88458400947326,37.28055705786912,109.40527494016527,64.87780949995827
Clostridium felsineum,,,,,,,,
Clostridium fimetarium,,,,,,,,
Clostridium fusiformis,20.413722211562224,17.007843270214206,22.823128109642557,23.02023644351949,12.65475907198098,34.75593942033192,12.616089876033062,28.48834058787614
Clostridium gasigenes,,,,,,,,
Clostridium glycyrrhizinilyticum,,,,,,,,
Clostridium hathewayi,83.88908246763476,53.97207979490468,39.17106575963721,37.58452782696827,35.07495242995157,56.49102319944596,39.18408296249207,53.758685752359035
Clostridium herbivorans,,,,,,,,
Clostridium hungatei,,,2.5,,,,,
Clostridium indolis,28.59148729646438,14.04992968749999,19.861625795679853,25.255680545410275,23.563448096371214,59.98853434288812,11.493350833816638,17.25828704314393
Clostridium islandicum,,,,,,,,
Clostridium jejuense,65.75434618291729,5.625445674610622,11.280770151499594,,9.804709141274246,,11.54696963851701,17.287725960207272
Clostridium lactatifermentans,,,,,,,,
Clostridium lavalense,,,,,,,,
Clostridium leptum,,,,,,,,
Clostridium mayombei,,,,,,,,
Clostridium metallolevans,,,,,,,,
Clostridium methoxybenzovorans,,,,,,,,
Clostridium methylpentosum,5.633842121866595,8.101523437499992,5.748613626075147,,4.575364366448545,,3.812429413021581,4.234724150991032
Clostridium nexile,,,,,,,,
Clostridium nitrophenolicum,,,,,,,,
Clostridium oroticum,,,,,,,,
Clostridium papyrosolvens,,,,,,,,
Clostridium paraputrificum,,,,,,,,
Clostridium perfringens,,,,,,,,
Clostridium phytofermentans,68.13419321810328,13.38316422977511,26.342478280749837,21.93344083131783,23.81749407203884,21.11510107015459,27.659064131131494,44.13006427915516
Clostridium piliforme,,,,,,,,
Clostridium polysaccharolyticum,,,,,,,,
Clostridium populeti,17.635020184544544,,,,27.59252552688493,,13.502293935894599,7.819130664552786
Clostridium propionicum,,,,,,,,
Clostridium puniceum,,,,,,,,
Clostridium saccharogumia,,,,,,,,
Clostridium saccharolyticum,8.958987499999992,7.984948679459609,16.816449963476956,8.6174141709277,8.462631889294531,12.207816804407713,6.400549296214215,6.076547829864011
Clostridium saccharoperbutylacetonicum,,,,,,,,
Clostridium scindens,17.19283311631945,33.42809745539466,18.512137142857146,28.33136094674555,13.957170319108036,14.399985484105091,24.91339588949967,26.082219300168028
Clostridium septicum,,,,,,,,
Clostridium sp.,7.620551906675843,,8.99157329671358,3.6020106267359004,12.424516079865876,5.815575987020012,,
Clostridium sp. 01,,,,,,,,
Clostridium sp. 232.1,,,,,,,,
Clostridium sp. 2ER371.1,,,,,,,,
Clostridium sp. 6-44,18.91943327996164,15.914998135360008,9.703003835278968,14.629179465973534,19.688849026297582,5.756242568370986,21.491138545953373,13.973251028806583
Clostridium sp. 6-62,,,,,,,,
Clostridium sp. 619,10.99087744305254,8.521861979166664,7.990103860474233,8.59259902185726,8.842378048780487,7.465390946502054,6.09119341563786,7.920862708409906
Clostridium sp. 7_2_43FAA,,,,,,,,
Clostridium sp. 7_3_54FAA,,,,,,,,
Clostridium sp. 826,16.771515556545637,29.61920197224251,7.073750000000005,19.33709668692625,11.140842813651663,10.37935717519238,10.417572041545649,10.639297668513384
Clostridium sp. A9,12.31543773668971,,,,,39.275761316872455,,17.86083731497888
Clostridium sp. AP4,,,,,,,,
Clostridium sp. AP81,,,,0.0,,,,
Clostridium sp. ASF356,22.069824999999998,15.81122966448944,13.394130040957764,17.290073173176516,4.129843750000006,9.04124567474049,7.4948474038842665,10.425601469237835
Clostridium sp. ASF502,41.217225556650476,17.656845858035577,49.37224190704068,53.403170837649064,48.44424992257158,140.4208444361044,23.257331008930528,89.7962766824181
Clostridium sp. BG-C36,,,,,,,,
Clostridium sp. BNL1100,,,,,,,,
Clostridium sp. BS-1,4.278701254580315,,,,2.9311049970255825,5.797654320987654,,3.796635802469127
Clostridium sp. C01-2409,,,,,,,,
Clostridium sp. CA6,,,,,,,,
Clostridium sp. CRIB,46.40476190476196,24.8137468495024,24.147789260162803,19.192579398623373,22.55507653450041,39.91275663206458,30.609368839587034,38.38873697916667
Clostridium sp. CYP2,,,,,,,,
Clostridium sp. Clone-1,,,,,,,,
Clostridium sp. Clone-16,125.16970919067212,72.06456752268721,59.328534431237145,68.57556212487681,74.85528117419712,74.16859876094927,39.99810312481578,80.91806125070711
Clostridium sp. Clone-17,5.025510204081636,,5.74952741020795,4.3446745562130085,4.764688170424165,6.879394267171441,,5.065020548631762
Clostridium sp. Clone-24,,,,,,,,
Clostridium sp. Clone-25,,,,,1.0,,,
Clostridium sp. Clone-26,17.49658268752324,18.8140898210881,17.220576131687213,19.67460957329271,17.43366519012323,23.819851705388025,13.143596787827567,42.3158616467707
Clostridium sp. Clone-27,257.53032545989737,258.42146126319307,70.71188871597803,121.17182197427974,83.76360196350552,136.36725158841676,135.39064873992598,105.6272266832739
Clostridium sp. Clone-3,4.206580591420234,,,,3.073007163542143,6.976518116399438,,3.229476427545189
Clostridium sp. Clone-30,,,,,17.748304953159753,,,
Clostridium sp. Clone-40,,,,,,,,
Clostridium sp. Clone-44,33.026680774400226,11.367429097900972,14.513279766252737,34.43382672324502,6.274538942234414,21.583432421720186,22.768056106046608,31.76643518518516
Clostridium sp. Clone-45,31.029374999999945,12.277030202059066,,,,,,17.001111111111157
Clostridium sp. Clone-46,20.448875027845812,55.79386817016505,30.696316869943324,17.558989518946515,39.80646440610748,31.73543131422395,45.557877054904424,24.488757732609542
Clostridium sp. Clone-47,14.317179039983333,7.482268994944255,9.30783012793595,11.616729678638972,12.824080695547453,8.173827160493826,9.022370486656195,9.259814895252095
Clostridium sp. Clone-49,,,,,,,,
Clostridium sp. Clone-7,,,,,,,,
Clostridium sp. Clone-9,55.86434082840236,81.50863910698071,65.43036475869812,82.77314087785535,75.80586012309402,87.56185694499409,47.92490608778925,68.6684702895246
Clostridium sp. Culture Jar-13,8.159619497615138,18.48346788916385,6.550094517958409,8.238210964859308,6.798773195478569,7.4226190476190474,4.84449564448934,10.889058641975296
Clostridium sp. Culture Jar-15,7.103957822826186,4.936093750000001,,4.494346238130022,,,,5.186074092568891
Clostridium sp. Culture Jar-17,16.138684686022664,,36.30422967863897,,7.404459823144921,10.247836668469448,,7.046450863695741
Clostridium sp. Culture Jar-44,,,,,,,,
Clostridium sp. Culture Jar-56,17.893775000000005,4.688019797963412,,7.173046733486299,,9.264462809917365,,5.400013364963749
Clostridium sp. Culture Jar-8,,,,,,,,
Clostridium sp. Culture-23,12.297750055691685,10.495338400010288,9.049914616052172,7.64286980151228,6.662180249851276,8.981234567901232,5.277880086946019,6.067289483651055
Clostridium sp. Culture-27,36.38996731418125,20.10044464028201,20.710886769480524,22.08594278039656,38.85845217112644,20.302545013850406,30.329669549299282,20.286966551326422
Clostridium sp. Culture-41,,,,,,,,
Clostridium sp. Culture-46,26.971300128834233,16.365376141643956,13.20764061358657,17.800427005882547,20.315214176407807,41.34243171984857,12.555600636684249,18.994107543929182
Clostridium sp. Culture-54,7.364327363598509,10.42304919083482,6.702665233137177,8.562749064122688,5.003048315805525,6.434897241752302,3.9578855210723405,6.79110329908059
Clostridium sp. Culture-57,29.405166347157195,34.14254851278889,71.27981299515712,34.148283038501646,21.90480117609097,10.332930805458284,17.196727816611197,55.27966186641715
Clostridium sp. D5,,,,,,,,
Clostridium sp. FCB90-1,,,,,,,,
Clostridium sp. FG4,,,,,,,,
Clostridium sp. HGF2,,,,,,,,
Clostridium sp. HT03-11,,,,,,,,
Clostridium sp. HT03-14,,,,,,,,
Clostridium sp. HT03-186,,,,,,,,
Clostridium sp. HT03-22,,,,,,,,
Clostridium sp. ID4,181.78657730896722,74.8586432506887,90.97399034436066,25.32045913682277,62.39921453604255,28.006952504894898,34.12563654951584,40.49777675399103
Clostridium sp. ID5,25.022525336665215,5.736149584487536,68.45604090577065,24.900154652190356,7.692877743951301,13.780552252609315,14.077436299963829,17.975916955017276
Clostridium sp. ID6,,,,,,,,
Clostridium sp. K11,,,,,,,,
Clostridium sp. K12,,,,,,,,
Clostridium sp. K12-15-18,,,,,,,,
Clostridium sp. L2-50,,,,,,,,
Clostridium sp. LAR-3,,,10.313492774929166,,9.970892857142863,8.177424152290302,8.758111349577083,10.237447916666664
Clostridium sp. M62/1,36.825599999999916,18.665855013029248,50.49419986419183,,72.68945224083325,,,
Clostridium sp. MSTE9,,,,,,,,
Clostridium sp. Maddingley MBC34-26,,,,,,,,
Clostridium sp. NML 04A032,,,,,,,,
Clostridium sp. NkU-1,,,,,,,,
Clostridium sp. P530(3),,,,,,,,
Clostridium sp. RT8,,,,,,,,
Clostridium sp. SS2/1,,,,,,,,
Clostridium sp. SY8519,51.07400188114156,25.180240760518444,22.146944374457615,21.636341855368883,13.927713498622602,19.58390946502058,9.717968844342455,16.206937838551987
Clostridium sp. TM-40,,,,,,,,
Clostridium sp. TT-111,,,,,,,,
Clostridium sp. XB90,,,,,,,,
Clostridium sp. YIT 12069,,,,,,,,
Clostridium sp. YIT 12070,19.249993933363964,12.524843750000056,23.887585318385025,21.378335096800114,24.093743803291808,14.738670894437835,,26.90182098765421
Clostridium sp. cTPY-12,16.70174407211437,24.031737493275877,15.436566358024674,21.047337278106532,19.228411034603734,29.4723192690137,9.594018364381036,14.562533615403925
Clostridium sp. cTPY-17,,,,,,,,11.184330221264679
Clostridium sp. ss1,,,,,,,,
Clostridium sp. strain Z6,,,,,,,,
Clostridium sp. taihuN5,,,,,,,,
Clostridium straminisolvens,,,,,,,,
Clostridium symbiosum,,,,,,,,
Clostridium tepidiprofundi,,,,,,,,
Clostridium termitidis,,,,,,,,
Clostridium thermocellum,3.552465373961228,2.9645805967348475,3.123829344432875,4.66853994490358,4.995742514692941,5.224706053128175,3.5314440872631927,4.293564013840834
Clostridium viride,,,,,,,,
Clostridium xylanolyticum,19.162041857559345,,6.303099017384725,,10.795041322314058,7.327231410175487,,
Clostridium xylanovorans,,,,,,,,
Cohnella xylanilytica,,,,,,,,
Collinsella intestinalis,,,,,,,,
Collinsella stercoris,,,,,,,,
Collinsella tanakaei,,,,,,,,
Colwellia sp. STAB404,,,,,,,,
Comamonas aquatica,,,,,,,,
Conexibacter arvalis,,,,,,,,
Conexibacter sp. BS10,,,,,,,,
Coprobacillus cateniformis,7.576161616161631,7.9793302355391775,,12.372415059687778,,,,
Coprobacillus sp. 3_3_56FAA,,,,,,,,
Coprobacillus sp. 8_2_54BFAA,32.76822638268324,29.79938709309338,9.806995884773663,18.4662486189495,13.71725286160247,13.469754253308139,8.827824061632178,6.108843537414967
Coprobacillus sp. D7,,,,,,,,
Coprobacter fastidiosus,233.7260822605959,231.806882477129,222.7009632644112,273.4502760296679,229.31398941798943,289.4841201201201,329.5094932718186,307.56653355364415
Coprococcus catus,,,,,,,,
Coprococcus comes,,,,,,,,
Coprococcus eutactus,,,,,,,,
Coprococcus sp. DJF_B005,,,,,,,,
Coriobacterium sp. CCUG 33918,,,,,,,,
Corynebacterium auriscanis,,,,,,,,
Corynebacterium bovis,,,,,,,,
Corynebacterium diphtheriae,,,,,,,,
Corynebacterium lipophiloflavum,,,,,,,,
Corynebacterium mastitidis,,,,,,,,
Corynebacterium nuruki,,,,,,,,
Corynebacterium sp. 61722,,,,,,,,
Corynebacterium striatum,,,,,,,,
Corynebacterium tuberculostearicum,,,,,,,,
Corynebacterium variabile,,,,,,,,
Cryobacterium aff. psychrophilum A1/C-aer/OI,,,,,,,,
Cryptobacterium curtum,,,,,,,,
Cupriavidus necator,,,,,,,,
Cupriavidus sp. KU-26,,,,,,,,
Curtobacterium sp. HI-F2,,,,,,,,
Curtobacterium sp. RS-3,,,,,,,,
Curtobacterium sp. THG B325,,,,,,,,
Curvibacter fontanus,,,,,,,,
Curvibacter sp. R-36930,,,,,,,,
Cyclobacterium sp. 'BSB S2 03',,,,,,,,
Cytophaga hutchinsonii,,,,,,,,
Cytophaga sp. MBIC01539,,,,,,,,
Cytophaga sp. MEBiC07026,,9.8736713588049,,8.586355452674896,,12.949245541838133,11.900344793466427,12.93803043110735
Dechloromonas sp. NM,,,,,,,,
Dehalobacter restrictus,,,,,,,,
Dehalobacter sp. 12DCB1A,,,,,,,,
Dehalococcoides sp. KM-2005,,,,,,,,
Deinococcus indicus,,,,,,,,
Delftia acidovorans,,,,,,,,
Denitrobacterium detoxificans,,,,,,,,
Dermacoccus sp. Ellin185,,,,,,,,
Desulfatiferula olefinivorans,,,,,,,,
Desulfitobacterium dehalogenans,,,,,,,,
Desulfonatronum thiodismutans,,,,,,,,
Desulfosporosinus meridiei,,,9.501541466988199,10.933335302457497,12.25226718488035,,15.713017751479292,13.25670754118079
Desulfosporosinus orientis,,,,,,,,
Desulfosporosinus sp. P1,,,,,,,,
Desulfotomaculum SeaGull50,55.02926334020143,,,,,,,
Desulfotomaculum guttoideum,,,,,,,,
Desulfotomaculum indicum,,,,,,,,
Desulfotomaculum salinum,,,,,,,,
Desulfotomaculum sp. CYP1,,,,,,,,
Desulfotomaculum sp. GY-2,,,,,,,,
Desulfovibrio aespoeensis,,,,,,,,
Desulfovibrio desulfuricans,16.54932704695593,23.95682675919158,18.712832225913626,17.98405949759011,20.687289545214817,146.5677045288531,16.60348991667673,19.70526785714285
Desulfovibrio fructosovorans,,,,,,,,
Desulfovibrio piger,,,,,,,,
Desulfovibrio sp. 3_1_syn3,,,,,,,,
Desulfovibrio sp. 6_1_46AFAA,,,,,,,,
Desulfovibrio sp. ABHU1SBfatS,,,,,,,,
Desulfovibrio sp. ABHU2SB,,3.4513031550068605,,,3.6322365680966264,,,5.518571428571426
Desulfovibrio sp. UIV,,,,,,,,
Dialister BS016,,,,,,,,
Dialister invisus,,,,,,,,
Dialister succinatiphilus,,,,,,,,
Dietzia sp. M2T8B1,,,,,,,,
Dorea formicigenerans,,,,,,,,
Dorea longicatena,17.278435239973714,9.038304355874526,32.16411145797202,18.118357271541893,17.43579059829061,20.80601410934744,11.441010802469131,21.376107266435987
Dorea sp. AP6,,,9.077554405330416,,,4.128544423440453,7.515651821104209,9.494921514312091
Dyella japonica,,,,,,,,
Dysgonomonas hofstadii,,,,,,,,
Dysgonomonas mossii,,,,,,,,
Dysgonomonas wimpennyi,,,,,,,,
Eggerthella lenta,,,,,,,,
Eggerthella sinensis,,,,,,,,
Eggerthella sp. 1_3_56FAA,,,,,,,,
Eggerthella sp. HGA1,,,,,,,,
Eggerthella sp. YY7918,,3.072817750182616,5.1587654320987735,3.739669421487609,3.1864888888888827,7.666666666666671,3.1172928118763337,8.534325068870531
Emticicia oligotrophica,,,,,,,,
Enterococcus C100,,,,,,,,
Enterococcus avium,,,,,,,,
Enterococcus dispar,,,,,,,,
Enterococcus faecalis,,,,,,,,
Enterococcus faecium,,,,,,,,
Enterococcus gallinarum,,,,,,,,
Enterococcus rivorum,,,,,,,,
Enterorhabdus caecimuris,14.297250623612282,14.82868679490301,19.034942106298242,16.830810116754755,12.728360248191981,18.982251365042586,12.599021673210128,14.61444029493441
Erysipelothrix sp. Oita0548,,,,,,,,
Escherichia coli,,,,,,,,
Ethanoligenens harbinense,,,,,,,,
Eubacterium brachy,,,,,,,,
Eubacterium budayi,,,,,,,,
Eubacterium cellulosolvens,,,,,,,,
Eubacterium contortum,,,,,,,,
Eubacterium coprostanoligenes,26.897878578024002,19.104374500042976,28.382212482752987,27.349203627495847,31.011401921596985,24.49704861111111,18.053274563820015,34.84428712313331
Eubacterium desmolans,,,,,,,,
Eubacterium eligens,,,,,6.537760416666684,5.887343749999997,,
Eubacterium fissicatena,,,,,,,,
Eubacterium hallii,,,,,,,,
Eubacterium limosum,,,,,,,,
Eubacterium oxidoreducens,86.59366319709449,,94.13753814282826,,,67.11412894375862,80.4360350800535,18.948650021773947
Eubacterium plexicaudatum,33.158840934598494,34.29118430233387,13.99844931474481,59.65400495458297,11.669410150891622,15.352729206049162,23.815502975758466,39.60507497116493
Eubacterium ramulus,,,,,,,,
Eubacterium rangiferina,,,,,,,,
Eubacterium rectale,,,,,,,,
Eubacterium ruminantium,,,,,,,,
Eubacterium saphenum,4.473398437500002,4.564722222222222,2.70660270167908,5.499256354786373,2.1552734375,1.25,4.060204237158972,3.3844046749452152
Eubacterium siraeum,13.907899999999982,,11.892105263157895,,21.653534274751753,17.77315365305854,17.54411535220496,10.462851912637296
Eubacterium sp. 3_1_31,8.23895520865219,5.8889610126171315,,10.887777777777783,,,,
Eubacterium sp. 517,,,,,,,,
Eubacterium sp. F1,58.340472887038956,35.65309925159124,13.66573559670782,32.39086608717445,19.90883190883194,19.091781305114655,30.17714903041105,36.41013513946332
Eubacterium sp. Pei061,6.1503774139790135,,3.4153964940375716,5.526466298721709,5.646634873964634,6.478907517577076,4.009973488195931,4.212018140589568
Eubacterium sp. WAL 17363,,,,,,,,
Eubacterium sp. WAL 18692,,,,,,,,
Eubacterium uniforme,,,,,,,,
Eubacterium ventriosum,34.726360808462104,17.270091921065944,122.63291930737891,24.86906512078585,31.7907042452497,22.07138545953361,27.671159611992934,33.76449348857967
Eubacterium xylanophilum,39.427823945829516,,,,,,,
Exiguobacterium acetylicum,,,,,,,,
Exiguobacterium sp. AT1b,,,,,,,,
Exiguobacterium sp. BM-1,,,,,,,,
Exiguobacterium sp. ERGBD-1,,,,,,,,
Exiguobacterium sp. JL-42,,,,,,,,
Faecalibacterium prausnitzii,,,,,11.631758965846787,11.284099722991689,,4.016385256390249
Faecalibacterium sp. DJF_VR20,,,,,,,,
Faecalibacterium sp. canine oral taxon 147,,,,,,,,
Ferrovum myxofaciens,,,,,,,,
Fibrobacter succinogenes,,,,,,,,
Filifactor alocis,,,,,,,,
Flavisolibacter sp. Gsoil 636,,,,,,,,
Flavobacterium caeni,,,,,,,,
Flavobacterium sp. KB10,,,,,,,,
Flavobacterium sp. MTN11,,,,,,,,
Flavobacterium sp. WB4.3-66,,,,,,,,
Flavobacterium succinicans,,,,,,,,
Flavonifractor plautii,2.656478277585538,3.96555641202483,,,,2.7394537587885375,,2.666831813978069
Flectobacillus sp. WG3,,,,,,,,
Flexibacter flexilis,,,,,,,,
Flexibacter sp. 58GB,,,,,,,,
Flexithrix dorotheae,,,,,,,,
Frigoribacterium sp. Everest-gws-26,,,,,,,,
Frigoribacterium sp. TSBY-18,,,,,,,,
Frondihabitans sp. KIS82-1,,,,,,,,
Fulvivirga sp. MOLA 70,,,,,,,,
Fusobacterium mortiferum,,1.0,,,,,,
Fusobacterium nucleatum,,,,,,,,
Fusobacterium periodonticum,,,,,,,,
Gemella haemolysans,,,,,,,,
Gemella palaticanis,,,,,,,,
Gemella sanguinis,,,,,,,,
Gemella sp. 933-88,,,,,,,,
Geodermatophilus obscurus,,,,,,,,
Glycine max,,,,,,,,
Gordonibacter pamelaeae,6.8765201977285,6.559966216216215,9.109110495537088,4.724655977780582,4.803583168967786,6.683673469387753,5.282258774827147,5.107205387205385
Granulicatella adiacens,,,,,,,,
Granulicatella elegans,,,,,,,,
Granulicatella sp. canine oral taxon 095,,,,,,,,
Haemophilus ducreyi,,,,,,,,
Haemophilus haemolyticus,,,,,,,,
Haemophilus parainfluenzae,,,,,,,,
Haemophilus simiae,,,,,,,,
Haemophilus sp. oral taxon 851,,,,,,,,
Hafnia alvei,,,,,,,,
Halobacillus sp. SCSSS13,,,,,,,,
Halomonas shengliensis,,,,,,,,
Halomonas sp. EM490,,,,,,,,
Halomonas sp. ML-185,,,,,,,,
Helicobacter heilmannii,,,,,,,,
Helicobacter macacae,,,,,,,,
Herbaspirillum huttiense,,,,,,,,
Herbaspirillum sp. 5410S-62,,,,,,,,
Herbiconiux ginsengi,,,,,,,,
Hoeflea phototrophica,,,,,3.806881430258051,,,
Holdemania sp. AP2,,,,,,,,
Howardella ureilytica,,,,,,,,
Hydrogenoanaerobacterium saccharovorans,,,,,,,,
Hydrogenoanaerobacterium sp. YN3,,,,,,,,
Hydrogenophaga sp. GPTSA100-12,,,,,,,,
Hymenobacter sp. I/74-Cor2,,,,,,,,
Hymenobacter sp. R-36557,,,,,,,,
Hyphomicrobium sp. MC1,,,,,,,,
Idiomarina loihiensis,,,,,,,,
Idiomarina sp. G-R2A15,,,,,,,,
Ilumomonas thalassia,,,,,,,,
Intestinimonas butyriciproducens,10.479201009875986,9.44916666666666,7.118585705887294,8.460932577189665,8.997851239669425,11.798518518518522,7.450730588093226,7.203478002378117
Intrasporangium calvum,,,,,,,,
Janibacter sp. CV62,,,,,,,,
Janthinobacterium lividum,,,,,,,,
Janthinobacterium sp. HH01,,,,,,,,
Jeotgalicoccus nanhaiensis,,,,,,,,
Kingella oralis,,,,,,,,
Klebsiella pneumoniae,,,,,,,,
Kocuria halotolerans,,,,,,,,
Kocuria rhizophila,,,,,,,,
Kouleothrix aurantiaca,,,,,,,,
Kurthia gibsonii,,,,,,,,
Labedella sp. 6408J-67,,,,,,,,
Lachnobacterium bovis,,,,,,,,
Lachnobacterium sp. G12,,,,,,,,
Lachnobacterium sp. wal 14165,,,,,,,,
Lachnospira multipara,,,,,,,,
Lachnospira pectinoschiza,7.816372621957667,,,,,,,
Lachnospiraceae 2N1-30,,,,,,,,
Lachnospiraceae BS091,,,,,,,,
Lachnospiraceae DO008,,,,,,,,
Lachnospiraceae JI012,,,,,,,,
Lachnospiraceae ncd998f08c1,,,,,,5.845177099576741,,
Lachnospiraceae oral taxon 096,,,,,,,,
Lachnospiraceae oral taxon 100,,,,,,,,
Lachnospiraceae oral taxon 107,,,,,,,,
Lachnospiraceae oral taxon A61,,,,,,,,
Lachnospiraceae oral taxon G33,,,,,,,,
Lacibacter cauensis,,,,,,,,
Lactobacillus acidophilus,,,,,,,,
Lactobacillus amylolyticus,,,,,,,,
Lactobacillus amylovorus,,,,,,,,
Lactobacillus animalis,,,6.396891276041668,,10.259349564344378,,4.210761212196864,
Lactobacillus antri,,,,,,,,
Lactobacillus apodemi,,,,,,,,
Lactobacillus casei,,,5.060853595022062,,5.313197289950921,6.137320365800545,,5.210982552800744
Lactobacillus crispatus,,,,,7.398774092970526,,8.505110204081628,4.096974501255121
Lactobacillus delbrueckii,,,,,,,,
Lactobacillus fermentum,,,,,,,,
Lactobacillus floricola,,,,,,,,
Lactobacillus gasseri,,,,3.703885717774179,6.342933824707565,10.684585785423257,5.776380262788302,5.284081632653064
Lactobacillus hominis,,,,,,,,
Lactobacillus homohiochii,,,,,,,,
Lactobacillus iners,,,,,,,,
Lactobacillus intestinalis,186.45120735979336,316.0483706541064,193.1416432846988,205.32514518368893,222.07509179090766,231.0313324819072,229.83254540408532,191.44408352297683
Lactobacillus jensenii,,,,,,,,
Lactobacillus johnsonii,16.549079084665962,15.66528925619831,9.279634108712326,10.285790935487956,12.241474241731453,16.909566631103022,14.530320245760214,11.12752675386445
Lactobacillus mucosae,,,,,,,,
Lactobacillus murinus,555.0834214066714,413.4315330073136,710.8153047275255,501.81101211122666,411.29133906496617,153.07992798353914,412.46656832639525,302.1809186089702
Lactobacillus oral taxon H25,,,,,,,,
Lactobacillus oris,,,,,,,,
Lactobacillus paracasei,,,,,,,,
Lactobacillus pasteurii,,,,,,,,
Lactobacillus pontis,,,,,,,,
Lactobacillus reuteri,222.6937238822383,309.2067593244194,164.3110232454677,318.13657656638077,206.7366658515398,211.6697981183578,267.17314118968045,240.14779529042383
Lactobacillus rhamnosus,,,,,,,,
Lactobacillus rogosae,,,17.657399950982168,,,13.372175230400213,13.489350480749716,15.064061570493768
Lactobacillus ruminis,,,,,,,,
Lactobacillus sakei,,,,,,,,
Lactobacillus salivarius,,,,,,,,
Lactobacillus secaliphilus,,,,,,,,
Lactobacillus sp. ASF360,,,,,,,,
Lactobacillus sp. BL301,,,,,,,,
Lactobacillus sp. BL302,,,,,,,,
Lactobacillus sp. BL303,,,,,,,,
Lactobacillus sp. DJF_RP24,,,,,,,,
Lactobacillus sp. IDSAc,,,,,,,,
Lactobacillus sp. NBRC 107227,,,,,,,,
Lactobacillus sp. NBRC 14513,,,,,,,,
Lactobacillus sp. OR1,,,,,,,,
Lactobacillus sp. TS1,,,,,,,,
Lactobacillus sp. ls79,18.56562886748026,118.53056918213035,116.11913228629471,161.0000134677746,150.7937126068377,501.86467236467263,152.66951542296377,166.5583500664187
Lactobacillus sucicola,,,,,,,,
Lactobacillus taiwanensis,360.0107423791756,481.50074184517314,403.5779398746289,426.40467049780244,452.66640054192686,563.5660115209296,403.7157177398305,474.8851011015345
Lactobacillus vaginalis,,,,,,,,
Lactococcus garvieae,12.95050976148143,112.00042969898456,21.079505053049946,18.948346168413075,16.467188429506336,8.342414818820977,18.28433361422343,28.56301038062282
Lactococcus lactis,,,,,,,,
Lactococcus raffinolactis,,,,,,1.0,,
Lactococcus sp. F9,,,,,,,,
Lactococcus sp. NBRC 106000,,,,,,,,
Lactococcus sp. NBRC 106030,,,,,,,,
Lactococcus sp. NBRC 106034,,,,,,,,
Lactococcus sp. UNK2,,,,,,,,
Lactonifactor longoviformis,,,,,,,,
Lautropia mirabilis,,,,,,,,
Legionella sp. W10-070,,,,,,,,
Legionella waltersii,,,,,,,,
Leifsonia kafniensis,,,,,,,,
Leifsonia sp. 5GH 26-15,,,,,,,,
Leptolinea tardivitalis,,,,,,,,
Leptothrix ginsengisoli,,,,,,,,
Leptotrichia BU064,,,,,,,,
Leptotrichia Phil b74,,,,,,,,
Leptotrichia genomosp. C1,,,,,,,,
Leucobacter chromiiresistens,,,,1.0,,,,
Leuconostoc sp. PSMS1-5,,,,,,,,
Limibacter armeniacum,3.8646787796751334,2.596413647612477,3.3257786138732093,3.231897040819373,3.4861358332344445,3.0735802469135822,3.470834243625355,3.082906574394463
Listeria welshimeri,,,,,,,,
Luteimicrobium subarcticum,,,,,,,,
Lutispora thermophila,,,,,,,,
Lysobacter sp. BBCT65,,,,,,,,
Macrococcus caseolyticus,,,,,,,,
Mahella australiensis,,,,,,,,
Mangrovimonas yunxiaonensis,,,,,,,,
Maribacter sp. E-10,,,,,,,,
Maribacter sp. HT7-2,,,,,,,,
Maribacter sp. W-4,,,,,,,,
Marinifilum fragile,,,,,,1.0,,
Marinilabilia salmonicolor,,,,,,,,
Marinilactibacillus piezotolerans,,,,,,,,
Mariniradius saccharolyticus,,,,,,,,
Marinomonas basaltis,,,,,,,,
Marinomonas sp. MED121,,,,,,,,
Marivirga tractuosa,,,,,,,,
Marmoricola bigeumensis,,,,,,,,
Marvinbryantia formatexigens,11.162790412704663,20.916796875000006,11.705070167496658,7.5883152173913055,,10.606805293005651,19.63839506172832,10.957887435592555
Massilia brevitalea,,,,,,,,
Megamonas funiformis,,,,,,,,
Megamonas hypermegale,,,,,,,,
Megasphaera elsdenii,,,,,,,,
Megasphaera sp. NP3,,,,,,,,
Megasphaera sp. UPII 135-E,,,,,,,,
Meniscus glaucopis,,,,,,,,
Mesoflavibacter zeaxanthinifaciens,,,,,,,,
Methylibium petroleiphilum,,,,,,,,
Methylobacterium MD02H10,,,,,,,,
Methylobacterium extorquens,,,,,,,,
Methylobacterium jeotgali,,,,,,,,
Methylobacterium sp. 189,,,,,,,,
Methylobacterium sp. GSL-1,,,,,,,,
Methylophaga marina,,,,,,,,
Methylophilus leisingeri,,,,,,,,
Methylosinus sp. R-45380,,,,,,,,
Microbacterium invictum,,,,,,,,
Microbacterium laevaniformans,,,,,,,,
Microbacterium sp. 5,,,,,,,,
Microbacterium sp. SW101,,,,,,,,
Micrococcus luteus,,,,,,,,
Micrococcus sp. HW05-08,,,,,,,,
Mitsuaria sp. H29L1B,,,,,,,,
Mogibacterium pumilum,,,,,,,,
Mogibacterium sp. CM50,,,,,,,,
Mogibacterium vescum,,,,,,,,
Moorella sp. CF5,,,,,,,,
Moorella thermoacetica,,,,,,,,
Moraxella osloensis,,,,,,,,
Mucispirillum schaedleri,57.138507390897324,,14.194957418882197,11.661690443125858,15.643807082198386,,,10.353616967554585
Mycobacterium engbaekii,,,,,,,,
Natronincola ferrireducens,,,,,,,,
Nautilia profundicola,,,,,,,,
Neisseria canis,,,,,,,,
Neisseria cinerea,,,,,,,,
Neisseria elongata,,,,,,,,
Neisseria macacae,,,,,,,,
Neisseria subflava,,,,,,,,
Nevskia sp. Iso-59,,,,,,,,
Nitrosomonas sp. Is32,,,,,,,,
Nocardioides pyridinolyticus,,,,,,,,
Nocardioides sp.,,,,,,,,
Nocardiopsis dassonvillei,,,,,,,,
Nostoc sp. SAG 41.87,,,,,,,,
Nubsella zeaxanthinifaciens,50.97619114984156,36.343417419510494,33.068967966474894,33.247125046370215,25.356157643866712,32.31041505874281,33.341910689385436,24.207451441771884
Oceanobacillus indicireducens,,,,,,,,
Oceanobacillus sp. AvH 7,,,,,,,,
Oceanobacillus sp. ITT11,,,,,,,,
Oceanobacillus sp. Ndiop,,,,,,,,
Octadecabacter sp. SS10.21,,,,,,,,
Odoribacter laneus,,,,,,,,
Odoribacter splanchnicus,23.348078619743163,11.674672400503065,19.816311176040905,12.901543790498364,18.161462948959652,21.527986964372218,10.229993827160492,9.331811497554805
Ohtaekwangia koreensis,,,,,,,,
Okibacterium fritillariae,,,,,,,,
Olivibacter sp. 14-2A,,,,,,,,
Olsenella F0004,,,,,,,,
Olsenella profusa,,,,,,,,
Olsenella sp. 1832,,,,,,,,
Olsenella sp. SK9K4,,,,,,,,
Olsenella sp. oral taxon 809,,,,,,,,
Olsenella uli,,,,,,,,
Olsenella umbonata,,,,,,,,
Opitutus terrae,,,,,,,,
Oribacterium MCE7 60 E1,,,,,,,,
Oribacterium sinus,,,,,,,,
Oribacterium sp. ACB7,,,,,,,,
Oribacterium sp. ICM51,,,,,,,,
Oribacterium sp. NK2B42,,,,,,,,
Oribacterium sp. oral taxon 102,,,,,,,,
Ornithinibacillus sp. B1132,,,,,,,,
Oscillibacter sp. G2,19.327014508381538,13.581088692565876,12.50232076369642,13.012517543073844,9.400899544582032,15.54246913580247,11.794097222222222,10.563259677632445
Oscillibacter valericigenes,26.07954973611763,12.55867968749999,15.764912196507066,16.432108729338857,16.782222883204444,14.82059670781893,13.03738271604942,14.644246939980167
Oscillospira guilliermondii,8.139250493096606,,,4.968829534730782,6.66365645480873,12.703175944934182,,5.305524691358029
Paenibacillus curdlanolyticus,,,,,,,,
Paenibacillus durus,,,,,,,,
Paenibacillus ginsengarvi,,,,,,,,
Paenibacillus mucilaginosus,,,,,,,,
Paenibacillus pasadenensis,,,,,,,,
Paenibacillus polymyxa,,,,,,,,
Paenibacillus sp. THMBG22,,,,,,,,
Paenibacillus sp. Y412MC10,,,,,,,,
Paenibacillus terrigena,,,56.37806094182796,,26.314134958382898,,,
Paludibacter propionicigenes,10.350881280666647,6.908792914536157,8.854220788915763,7.047746496654463,6.943664751545985,7.095168419448256,8.22708981680973,5.874567474048444
Pantoea calida,,,,,,,,
Papillibacter cinnamivorans,,,,,,,,
Parabacteroides distasonis,241.49276423645435,191.85024977929345,178.48930585850573,200.81949487613977,192.11364444492332,207.79707504282715,193.85579387242132,200.82107584062535
Parabacteroides goldsteinii,,,,,,,,
Parabacteroides johnsonii,,,,,,,,
Parabacteroides merdae,4.46768644340487,6.380493669345019,5.412557055763025,5.694755491853051,3.9830270602166618,5.843786008230453,7.26987654320988,7.594299307958476
Parabacteroides sp. 157,,,,,,,,
Parabacteroides sp. D13,,,,,,,,
Parabacteroides sp. D25,,,,,,,,
Paraeggerthella hongkongensis,5.919774999999995,8.537614164396734,9.64907254253306,6.566842843918907,4.350464669123531,6.3859126984127,4.784402221941676,6.083575505059344
Parapedobacter koreensis,,,,,,,,
Paraprevotella clara,,,,,,,,
Paraprevotella xylaniphila,43.89705359768653,47.75231444391033,38.44606119633147,43.61898053164798,44.92406216521798,103.00298188940701,42.73218143738978,49.33562219388628
Parasporobacterium paucivorans,,,,,,6.678589876033064,,
Parasutterella excrementihominis,27.08167906700557,29.799171637854073,23.80385801953512,30.718934240362817,20.050035399449897,13.654002163331521,22.32838842975206,17.998234089143185
Parvimonas micra,,,,,,,,
Pedobacter aquatilis,,,,,,,,
Pedobacter daejeonensis,,,,,,,,
Pedobacter duraquae,,,,,,,,
Pedobacter heparinus,,,,,,,,
Pedobacter lentus,,,,,,,,
Pedobacter panaciterrae,,,,,,,,
Pedobacter rhizospharae,,,,,,,,
Pedobacter saltans,,,,,,,,
Pedobacter soli,,,,,,,,
Pedobacter sp. S8-2,,,,,,,,
Pedobacter terrae,,,,,,,,
Pedosphaera parvula,,,,,,,,
Pelobacter acetylenicus,,,,,,,,
Pelobacter carbinolicus,,,,,,,,
Pelomonas sp. TSA64,,,,,,,,
Pelospora glutarica,,,,,,,,
Peptococcus BU014,87.45675526682079,59.20563148148147,60.58913119533526,109.33058726791617,106.70061484746799,86.81725032812315,70.58290761390543,88.4390306122449
Peptococcus sp. canine oral taxon 044,,,,,,,,
Peptococcus sp. canine oral taxon 334,,,,,,,,
Peptoniphilus rhinitidis,,,,,,,,
Peptostreptococcus anaerobius,,,,,,,,
Peptostreptococcus sp.,,,,,,,,
Phascolarctobacterium faecium,,,,,,,,
Phascolarctobacterium sp. 377,,,,,,,,
Phascolarctobacterium sp. canine oral taxon 149,,,,,,,,
Phascolarctobacterium succinatutens,,,,,,,,
Phyllobacterium sp. EBBLQ01,,,,,,,,
Phylum OP10,,,,,,,,
Pisum sativum,,,,,,,,
Planococcus psychrotoleratus,,,,,,,,
Plantibacter sp. SPE-06,,,,,,,,
Pleomorphomonas oryzae,,,,,,,,
Pontibacter korlensis,,,,,,,,
Pontibacter sp. BAB1700,,,,,,,,
Pontibacter sp. IMTB-1969,,,,,,,,
Pontibacter sp. M71_W27,,,,,,,,
Pontibacter sp. R-36965,,,,,,,,
Pontibacter sp. YJ19,,,,,,,,
Porphyromonas CW034,,,,,,,,
Porphyromonas HF001,,,,,,,,
Porphyromonas cangingivalis,,,,,,,,
Porphyromonas canoris,,,,,,,,
Porphyromonas catoniae,,,,,,,,
Porphyromonas crevioricanis,,,,,,,,
Porphyromonas gingivalis,,,,,,,,
Porphyromonas somerae,,,,,,,,
Porphyromonas sp. canine oral taxon 181,,,,,,,,
Porphyromonas sp. canine oral taxon 182,,,,,,,,
Porphyromonas sp. canine oral taxon 281,,,,,,,,
Porphyromonas sp. canine oral taxon 290,,,,,,,,
Porphyromonas sp. canine oral taxon 341,,,,,,,,
Porphyromonas sp. canine oral taxon 366,,,,,,,,
Prevotella 10B515,,,,,,,,
Prevotella 601F05,,,,,,,,
Prevotella 701G08,,,,,,,,
Prevotella DO039,,,,,,,,
Prevotella E7,,,,,,,,
Prevotella FW035,,,,,,,,
Prevotella IK053,,,,,,,,
Prevotella IK062,55.17660803567405,54.92267912876021,22.229132584770966,57.19988242210463,12.663988312636965,,32.297231522817476,34.65880215616673
Prevotella aff. ruminicola Tc2-24,,,,,,,,
Prevotella albensis,,,,,,,,
Prevotella baroniae,,,,,,,,
Prevotella bivia,,,,,,,,
Prevotella buccae,,,,,,,,
Prevotella buccalis,,,,,,,,
Prevotella copri,,,,,,,,
Prevotella dentalis,,,,,,,,
Prevotella dentasini,,,,,,,,
Prevotella denticola,,,,,,,,
Prevotella disiens,,,,,,,,
Prevotella fusca,,,,,,,,
Prevotella genomosp. C1,40.38995577901468,23.656179151803414,45.11046133853152,34.84677728845548,51.41263870020479,45.775744703608346,42.909543224452314,38.695307089681435
Prevotella genomosp. P4,,,,,,,,
Prevotella histicola,,,,,,,,
Prevotella loescheii,84.9947466609453,70.51028726708074,45.717217605417055,72.69869888651004,75.94566971490049,68.21759688723975,79.38530633223681,64.14662135442411
Prevotella maculosa,,,,,,,,
Prevotella marshii,,,,,,,,
Prevotella melaninogenica,4.804736014841914,4.533611911233724,3.0770031217481817,4.856946676406141,,15.448350459707955,4.62807028494741,5.932708907254365
Prevotella multiformis,,,,,,,,
Prevotella nanceiensis,,,,,,,,
Prevotella ncd1310e09c1,,,,,,,,
Prevotella nigrescens,,,,,,,,
Prevotella oral taxon 304,,,,,,,,
Prevotella oris,14.606233381760369,7.064143535427318,11.157801360544216,9.606960641399416,13.078083391497252,10.44573997866179,12.127087462016116,10.261855922315481
Prevotella oulorum,11.420504829153478,7.87681826820461,10.422040816326536,10.459180056710776,9.799697461629279,8.389770723104057,10.92854595336077,9.816413597346195
Prevotella paludivivens,0.0,,,,,,,
Prevotella pleuritidis,,,,,,,,
Prevotella ruminicola,,,,,,,,
Prevotella saccharolytica,,,,,,,,
Prevotella salivae,,,,,,,,
Prevotella scopos,,,,,1.0,,,
Prevotella shahii,58.84667691920879,44.416911562160735,28.555617911153117,44.75233217993082,47.2558866465572,45.24444226707602,51.350697597794536,42.634095704191274
Prevotella sp. B31FD,,,,,,,,
Prevotella sp. BI-42,,,,,,,,
Prevotella sp. BP1-145,,,,,,,,
Prevotella sp. BP1-56,,,,,,,,
Prevotella sp. C561,,,,,,,,
Prevotella sp. CD3_27,,,,,1.0,,,
Prevotella sp. CD3_28,,,,,,,,
Prevotella sp. DJF_B112,,,,,,,,
Prevotella sp. DJF_B116,,,,,,,,
Prevotella sp. DJF_LS16,,,,,,,,
Prevotella sp. DJF_RP53,,,,,,,,
Prevotella sp. E7_34,,,,,,,,
Prevotella sp. E9_42,,,,,,,,
Prevotella sp. ICM1,,,,,,,,
Prevotella sp. P2A_FAAD4,,,,,,,,
Prevotella sp. R79,,,,,,,,
Prevotella sp. RM13,,,,,,,,
Prevotella sp. RS2,,,,,,,,
Prevotella sp. Smarlab 121567,522.7782979601894,545.6856931074258,439.6548285080706,443.1717351867688,325.97898722965203,460.6121749876421,421.3319944796181,394.249161943856
Prevotella sp. canine oral taxon 226,,,,,,,,
Prevotella sp. canine oral taxon 282,,,,,,,,
Prevotella sp. canine oral taxon 284,,,,,,,,
Prevotella sp. oral taxon 317,30.43666938937155,33.71629786817717,28.68611453374231,26.411024697953483,20.866029644443277,21.879145506309634,26.10342873176207,24.039424249352233
Prevotella sp. oral taxon 472,,,,,,,,
Prevotella sp. oral taxon 782,,,,,,,,
Prevotella sp. oral taxon G60,,,,,,,,
Prevotella stercorea,,,,,,,,
Prevotella tannerae,,,,,,,,
Prevotella timonensis,,,,,,,,
Prevotella veroralis,,,,,,,,
Prolixibacter bellariivorans,,,,,,,,
Propionibacterium acnes,,,,,,,,
Propionibacterium propionicum,,,,,,,,
Propionibacterium sp. canine oral taxon 365,,,,,,,,
Propionibacterium thoenii,,,,,,,,
Propioniciclava tarda,,,,,,,,
Pseudoalteromonas sp. BSs20045,,,,,,,,
Pseudoalteromonas sp. BSw20047,,,,,,,,
Pseudobutyrivibrio ruminis,,,,,,,,
Pseudoflavonifractor capillosus,10.735125368183972,7.701614583333333,13.486558600583093,15.18185260672483,20.99456487568375,17.48213271258539,12.549841458581055,16.774432824350964
Pseudomonas aeruginosa,,,,,,,,
Pseudomonas fluorescens,,,,,,,,
Pseudomonas psychrotolerans,,,,,,,,
Pseudomonas putida,,,,,,,,
Pseudomonas sp. MBEA661,,,,,,,,
Pseudomonas sp. ZH3,,,,,,,,
Quadrisphaera granulorum,,,,,,,,
Quinella ovalis,,,,,,,,
Ralstonia pickettii,,,,,,,,
Rapidithrix sp. TISTR 1768,,,,,,,,
Reichenbachiella faecimaris,,,,,,,,
Reyranella massiliensis,,,,,,,,
Rhodanobacter sp. 115,,,,,,,,
Rhodococcus sp. BYV50,,,,,,,,
Rhodospirillum rubrum,,,,,,,,
Rhodothermus marinus,,,,,,,,
Rickettsiella grylli,,,,,,,,
Rickettsiella melolonthae,,,,,,,,
Rikenella microfusus,117.36188524590163,77.04449759489098,51.280861111111115,114.9814789810064,33.83761649407265,36.88770397903546,53.363780700848835,52.11098659328884
Robinsoniella peoriensis,,,,,,,,
Roseburia cecicola,,,,,,,,
Roseburia faecis,,,,,,,,
Roseburia hominis,13.43324653010819,15.767995914116367,11.544236669101544,12.107497685257444,13.075996666812859,20.511834319526617,6.3629012345678975,10.597024068072203
Roseburia intestinalis,12.913574218750002,8.521391921607961,14.405984054465659,10.020793950850656,6.726415508091768,4.252872112107059,3.511781779594887,7.449965397923868
Roseburia inulinivorans,,,,,,,,
Roseburia sp. 1120,152.27040222162586,28.006399999999907,49.13825396825384,133.20423250024032,80.35462953779006,75.4087456597222,75.92279913682944,76.80813257255497
Roseburia sp. 499,15.602249944308298,17.829567911125345,24.395817586293685,19.9356704191426,,24.720329218106933,10.91059750963002,16.221247776286663
Roseburia sp. DJF_VR77,,,,,,,,
Roseibium sp. TrichSKD4,,,,,,,,
Roseiflexus castenholzii,,,,,,,,
Roseobacter sp. GAI101,,,,,,,,
Rothia mucilaginosa,,,,,,,,
Rubellimicrobium mesophilum,,,,,,,,
Rubrobacter radiotolerans,,,,,,,,
Rubrobacter xylanophilus,,,,,,,,
Ruminococcus albus,,,,,,,,
Ruminococcus bromii,,,,,,,,
Ruminococcus callidus,,,,,,,,
Ruminococcus champanellensis,,,,,,,,
Ruminococcus flavefaciens,30.83190373492779,23.500120173049147,12.6918899246941,12.25620352951719,20.74195580715851,29.80820105820101,18.643519619500587,15.124209158373503
Ruminococcus gauvreauii,,,,,,,,
Ruminococcus lactaris,23.874446845064597,14.057242429097913,14.893014128728415,32.74424665002727,26.859026629935734,72.55035154137371,16.3010621807476,16.640512120257224
Ruminococcus sp. 15975,,,,,1.0,,,
Ruminococcus sp. 5_1_39BFAA,,,,,13.274399920650692,,,
Ruminococcus sp. 653,,,,,,5.510751417769378,,
Ruminococcus sp. DJF_VR52,,,,,,,,
Ruminococcus sp. DJF_VR70k1,,,,,,,,
Ruminococcus sp. DJF_VR87,,,,,,,,
Ruminococcus sp. ID1,,,,,,,,
Ruminococcus sp. ID8,,,,,,,,
Ruminococcus sp. K-1,,,,,,,,
Ruminococcus sp. M-1,4.063340016336238,5.111546220481781,4.009379108838562,4.515856901827331,5.055733194527061,6.096641020829421,4.703580246913574,6.4461619764830225
Ruminococcus sp. NK3A76,14.423974654092643,,6.790524574669173,18.738253061224555,12.275625896617152,24.24279835390943,,14.87790697674419
Ruminococcus sp. YE281,,,,,,,,
Ruminococcus sp. YE58,,,,,,,,
Ruminococcus sp. ZS2-15,,9.46182184991886,3.8556509695290866,10.595568741320523,8.555898437500002,5.530991435622011,5.659544249463445,8.762388427208371
Ruminofilibacter xylanolyticum,,,,,,,,
Saccharofermentans acetigenes,,,,,,,,
Saccharomonospora glauca,,,,,,,,
Salinibacterium sp. 5317J-19,,,,,,,,
Sanguibacter keddieii,,,,,,,,
Sanguibacter marinus,,,,,,,,
Sarcina ventriculi,,,,,,,,
Schlegelella sp. KB1a,,,,,,,,
Schwartzia sp. canine oral taxon 042,,,,,,,,
Schwartzia succinivorans,,,,,,,,
Sediminibacterium salmoneum,,,,,,,,
Sediminibacterium sp. I-32,,,,,,,,
Sediminitomix flava,,,,,,,0.0,
Selenomonas bovis,,,,,,,,
Selenomonas lacticifex,,,,,,,,
Selenomonas ruminantium,,,,,,,,
Selenomonas sp. CM52,,,,,,,,
Sesame phyllody phytoplasma,,,,,,,,
Sharpea azabuensis,,,,,,,,
Slackia equolifaciens,,,,,,,,
Slackia faecicanis,,,,,,,,
Slackia heliotrinireducens,,,,,,,,
Slackia piriformis,,,,,,,,
Slackia sp. NATTS,,,,,,,,
Solibacillus silvestris,,,,,,,,
Solobacterium moorei,,,,,,,,
Sphingobacterium composti Yoo et al. 2007,,,,,,,,
Sphingobacterium daejeonense,,,,,,,,
Sphingobacterium sp. 21,,,,,,,,
Sphingobacterium sp. HC-6155,,,,,,,,
Sphingobacterium sp. LMG 8346,,,,,,,,
Sphingobacterium sp. NBRC 15338,,,,,,,,
Sphingomonas aquatilis,,,,,,,,
Sphingomonas leidyi,,,,,,,,
Sphingomonas sp. THG-DT81,,,,,,,,
Sporobacter termitidis,,,,,,,,
Sporobacterium olearium,,,,,,,,
Sporosarcina pasteurii,,,,,,,,
Sporosarcina sp. 106,,,,,,,,
Sporosarcina sp. HW10C2,,,,,,,,
Staphylococcus aureus,,13.56379735810713,,7.9041421457673104,,,15.838048890900845,50.528984134999796
Staphylococcus auricularis,,,,,,,,
Staphylococcus epidermidis,,,,,,,,
Staphylococcus hominis,,,,,,,,
Staphylococcus kloosii,,,,,,,,
Staphylococcus lentus,,,,,,,,
Staphylococcus nepalensis,,,,,,,,
Staphylococcus saprophyticus,,,,,,,,
Staphylococcus succinus,,,,,,,,
Stenotrophomonas maltophilia,,,,,,,,
Steroidobacter denitrificans,,,,,,,,
Steroidobacter sp. ZUMI 37,,,,,,,,
Streptococcus ASCB04,,,,,,,,
Streptococcus AY020,,13.351249596615139,,16.589718198279794,,,,4.298117283950621
Streptococcus agalactiae,,,,,,,,
Streptococcus alactolyticus,,,,,,,,
Streptococcus anginosus,,,,,,,,
Streptococcus australis,,,,,,,,
Streptococcus canis,,,,,,,,
Streptococcus criceti,,,,,,,,
Streptococcus cristatus,,,,,,,,
Streptococcus dysgalactiae,,,,,,,,
Streptococcus equi,,,,,,,,
Streptococcus equinus,,,,,,,,
Streptococcus gallolyticus,,,,,,,,
Streptococcus genomosp. C6,,,,,,,,
Streptococcus genomosp. C8,,,,,,,,
Streptococcus gordonii,,,,,,,,
Streptococcus infantarius,,,,,,,,
Streptococcus infantis,,,,,,,,
Streptococcus iniae,,,,,,,,
Streptococcus intermedius,,,,,,,,
Streptococcus lutetiensis,,,,,,,,
Streptococcus macedonicus,,,,,,,,
Streptococcus mitis,,,,,,,,
Streptococcus mutans,,,,,,,,
Streptococcus oral taxon B66,,,,,,,,
Streptococcus oralis,,,,,,,,
Streptococcus parasanguinis,,,,,,,,
Streptococcus parauberis,,,,,,,,
Streptococcus pasteurianus,,,,,,,,
Streptococcus pneumoniae,,,,,,,,
Streptococcus pseudoporcinus,,,,,,,,
Streptococcus salivarius,,,,,,,,
Streptococcus sanguinis,,,,,,,,
Streptococcus sp. 11aTha1,,,,,,,,
Streptococcus sp. B1,,,,,,,,
Streptococcus sp. EO2001-02,,,,,,,,
Streptococcus sp. F0442,,,,,,,,
Streptococcus sp. I-P16,,,,,,,,
Streptococcus sp. M09-11185,,,,,,,,
Streptococcus sp. NJ9704,,,,,,,,
Streptococcus sp. R-19306,,,,,7.0740740740740735,,,
Streptococcus sp. oral taxon 056,,,,,,,,
Streptococcus sp. oral taxon 058,,,,,,,,
Streptococcus suis,,,,,,,,
Streptomyces cacaoi,,,,,,,,
Streptomyces rameus,,,,,,,,
Streptomyces sp. KLBMP1284,,,,,,,,
Subdoligranulum sp. 4_3_54A2FAA,,,,,,5.761337868480721,,
Subdoligranulum sp. DJF_VR33k2,,,,,,,,
Subdoligranulum variabile,,,,,,,,
Sulfurivirga caldicuralii,,,,,,,,
Sutterella parvirubra,,,,,,,,
Sutterella wadsworthensis,,,,,,,,
Syntrophomonas bryantii,5.2568375649446155,,3.265565926275996,4.255815342351224,4.950667369873014,4.580854515954569,,4.1037242228377995
Syntrophomonas cellicola,,,,,,,,
Syntrophomonas curvata,,,,,,,,
Syntrophomonas wolfei,,,,,,,,
Syntrophothermus lipocalidus,,,,,,,,
Syntrophus sp.,,,,,,,,
TM7 oral taxon 347,,,,,,,,
TM7 oral taxon 351,27.06288302493008,17.943337795989017,17.262857142857143,19.589093931340642,21.91198995315582,22.026892006802722,17.92399841869272,23.091268237934905
TM7 oral taxon 352,,,,,,,,
Tannerella forsythia,80.2841618541934,64.33390346249543,45.04784839504464,53.21017360085789,38.902022723537144,43.51347643940237,47.36332412511105,45.68205483098216
Tannerella oral taxon 808,57.61377081125354,41.5253603237025,56.63898156843482,59.193536683687164,48.27367968801639,30.277885534379042,60.71977023901757,40.2971418038183
Tannerella sp. 6_1_58FAA_CT1,,,,,,,,
Tepidibacter sp. B1,,,,,,,,
Tepidimicrobium sp. HUT8119,,,,,,,,
Tepidimonas sp. AK30,,,,,,,,
Terracoccus sp. S23303,,,,,,,,
Terrimonas sp. YJ03,,,,,,,,
Thauera sp. 27,,,,,,,,
Thermaerobacter subterraneus,,,,,,,,
Thermanaeromonas sp. IA 106,,,,,,,,
Thermincola potens,,,,,,,,
Thermobacillus composti,,,,,,,,
Thermobifida fusca,,,,,,,,
Thermodesulfobium narugense,,,,,,,,
Thioflavicoccus mobilis,,,,,,,,
Tolumonas auensis,,,,,,,,
Treponema pectinovorum,,,,,,,,
Treponema saccharophilum,,,,,,,,
Triticum aestivum,,,,,,,,
Triticum turgidum,,,,,,,,
Tropheryma whipplei,,,,,,,,
Turicibacter sanguinis,,,,,,,,
Turicibacter sp. LA61,,,,,,,,
Turicibacter sp. LA62,154.08723361793682,20.86270871985168,58.79497116894106,37.381062849119324,68.82397777777783,21.07972318339097,41.6239880153553,63.414532871972355
UNDEFINED,,,,,,,,
Undibacterium oligocarboniphilum,,,,,,,,
Ureibacillus composti,,,,,,,,
Vagococcus lutrae,,,,,,,,
Veillonella atypica,,,,,,,,
Veillonella ratti,,,,,,,,
Veillonella sp. oral taxon 780,,,,,,,,
Vibrio cholerae,,9.746315751730094,,,,,912.7171561415415,
Vibrio cyclitrophicus,,,,,,,,
Vibrio sp. Ex25,,,,,,,,
Vibrio sp. QY102,,,,,,,,
Virgibacillus sp. 12,,,,,,,,
Virgibacillus sp. IDS-20,,,,,,,,
Virgibacillus sp. WS 4627,,,,,,,,
Virgibacillus sp. YIM C834,,,,,,,,
Weissella ceti,,,,,,,,
Weissella cibaria,,,,,,,,
Weissella confusa,,,,,,,,
Weissella hellenica,,,,,,,,
Weissella sp. NBRC 107217,,,,,,,,
Xanthomonas oryzae,,,,,,,,
Xylanibacter oryzae,,,,,,,,
Yaniella halotolerans,,,,,,,,
[Bacteroides] cellulosolvens,,,,,,,,
[Bacteroides] pectinophilus,,,,,,,,
[Caedibacter] taeniospiralis,,,,,,,,
[Clostridium] bartlettii,,,,,,,,
[Clostridium] bifermentans,,,,,,,,
[Clostridium] cocleatum,16.83963173545077,28.188881601790065,,19.50795227660092,,,,
[Clostridium] difficile,,,,,,,,
[Clostridium] innocuum,,,,,,,,
[Clostridium] lituseburense,,,,,,,,
[Clostridium] ramosum,,,,,,,,
[Clostridium] sordellii,,,,,,,,
[Clostridium] spiroforme,,,,,,,,
[Clostridium] stercorarium,,,,,,,,
[Eubacterium] biforme,405.3355222593659,198.17462514417494,242.31423167121605,108.58093218552143,179.1717224211723,80.48011926356827,119.84600993773947,74.64354697102725
[Eubacterium] cylindroides,47.10187998398164,56.917051020408145,18.35433162892622,80.5438186163394,11.517158685306363,12.407407407407405,34.87326278659612,45.750848314201164
[Eubacterium] dolichum,,,,,,,,
[Eubacterium] infirmum,,,,,,,,
[Eubacterium] tenue,,,,,,,,
[Eubacterium] tortuosum,,,,,,,,
[Ruminococcus] gnavus,13.480087126556246,6.282277318640961,8.648642659279792,4.973795435333895,7.651212076145141,2.4208428933703683,3.0012075836251637,4.839286310935879
[Ruminococcus] obeum,,,,,,,,
[Ruminococcus] torques,,,,,,,,
[Streptococcus] pleomorphus,,,,,,,,
